{
  "import_times": {
    "vertice_cli": 0.0002465248107910156,
    "vertice_tui": 1.2175590991973877,
    "vertice_core": 1.6689300537109375e-06,
    "prometheus": 1.1920928955078125e-06
  },
  "total_import_time": 1.217808485031128,
  "recommendations": [
    "Use lazy loading for heavy components",
    "Implement caching for expensive operations"
  ]
}