{
  "import_times": {
    "vertice_cli": 0.00011515617370605469,
    "vertice_tui": 1.1783008575439453,
    "vertice_core": 1.430511474609375e-06,
    "prometheus": 1.1920928955078125e-06
  },
  "total_import_time": 1.1784186363220215,
  "recommendations": [
    "Use lazy loading for heavy components"
  ]
}